Marca;Producto;Sexo;Precio
ADIDAS;PURE GAME EDT 100 ML;HOMBRE;27.687
ADIDAS;PURE GAME EDT 100 ML + DEO 150 ML + NECESSAIRE CAJA DAÑA;HOMBRE;46.145
ADIDAS;PURE GAME AFTER SHAVE 100 ML + SHOWER GEL 250 ML C/ DAÑ;HOMBRE;24.331
ADIDAS;ACTION 3 CONTROL DEO 150 ML + SHOWER GEL 250 ML CAJA DAÑ;HOMBRE;22.653
ADIDAS;TEAM FORCE SHOWER GEL 250 ML $;HOMBRE;13.424
ADIDAS;TEAM FORCE EDT 50 ML;HOMBRE;21.814
ADIDAS;TEAM FORCE EDT 100 ML;HOMBRE;27.687
ADIDAS;TEAM FORCE BODY FRAGRANCE 75 ML SIN CAJA;HOMBRE;10.068
ADIDAS;ICE DIVE EDT 100 ML;HOMBRE;27.687
ADIDAS;ICE DIVE DEO SPRAY 150 ML $;HOMBRE;13.424
ADIDAS;VICTORY LEAGUE EDT 100 ML;HOMBRE;27.687
ADIDAS;DYNAMIC PULSE EDT 50 ML;HOMBRE;21.814
ADIDAS;DYNAMIC PULSE EDT 100 ML;HOMBRE;27.687
ADIDAS;DYNAMIC PULSE BODY FRAGRANCE 75 ML SIN CAJA;HOMBRE;10.068
ADIDAS;DEEP ENERGY EDT 100 ML;HOMBRE;27.687
ADIDAS;TEAM FIVE EDT 100 ML (NUEVO);HOMBRE;27.687
ADIDAS;EXTREME POWER EDT 100 ML;HOMBRE;27.687
ADIDAS;EXTREME POWER DEO 150 ML $;HOMBRE;13.424
ADIDAS;GET READY EDT 50 ML;HOMBRE;21.814
ADIDAS;GET READY EDT 100 ML;HOMBRE;27.687
ADIDAS;GET READY EDT 50 ML + GEL DE DUCHA 250 ML;HOMBRE;32.721
ADIDAS;GET READY DEO 150 ML $;HOMBRE;13.424
ADIDAS;GET READY GEL DE DUCHA 250 ML $;HOMBRE;13.424
ADIDAS;BOTELLA DEPORTIVA ADIDAS $;H/M;8.390
ADIDAS;DYNAMIC PULSE BODY FRAGRANCE 75 ML+TEAM FORCE BODY FRAGRANCE 75 ML CAJA DAÑADA;HOMBRE;20.136
ANGRY BIRDS;RED BIRD EDT 50 ML (ROJO);NIÑO/A;29.365
ANGRY BIRDS;RED BIRD EDT 50 ML +COLGANTE + BLOCK DE NOTAS;NIÑO/A;31.043
ANGRY BIRDS;RED BIRD EDT 50 ML + GEL DE DUCHA 150 ML EST;NIÑO/A;31.043
ANGRY BIRDS;KING PIG 50 ML (CHANCHITO);NIÑO/A;29.365
ANGRY BIRDS;KING PIG 50 ML +COLGANTE + BLOCK DE NOTAS EST;NIÑO/A;31.043
ANGRY BIRDS;KING PIG 50 ML + GEL DE DUCHA 150 ML ESTUCHE;NIÑO/A;31.043
ANGRY BIRDS;YELLOW BIRD 50 ML (AMARILLO);NIÑO/A;29.365
ANGRY BIRDS;YELLOW BIRD 50 ML +COLGANTE+BLOCK DE NOTAS;NIÑO/A;31.043
ANIMALE;ANIMALE INTENSE HOMME EDT 100 ML (NUEVO) $$$$$;HOMBRE;108.231
ANIMALE;ANIMALE SPORT MEN EDT 100 ML (NUEVO) $$$$$;HOMBRE;108.231
ANIMALE;ANIMALE BLACK MEN EDT 50 ML (SOLO EN SUC LA FORTUNA);HOMBRE;49.501
ANIMALE;ANIMALE BLACK MEN EDT 100 ML;HOMBRE;100.680
ANIMALE;ANIMALE MEN EDT 100 ML;HOMBRE;133.401
ANTONIO BANDERAS;SEDUCTION IN BLACK EDT 100 ML;HOMBRE;92.290
ANTONIO BANDERAS;SEDUCTION IN BLACK EDT 200 ML;HOMBRE;116.621
ANTONIO BANDERAS;BLUE SEDUCTION MEN EDT 100 ML;HOMBRE;96.485
ANTONIO BANDERAS;BLUE SEDUCTION MEN EDT + DEO 150 ML;HOMBRE;113.265
ANTONIO BANDERAS;KING OF SEDUCTION EDT 100 ML;HOMBRE;96.485
ANTONIO BANDERAS;KING OF SEDUCTION EDT 200 ML;HOMBRE;116.621
ANTONIO BANDERAS;KING OF SEDUCTION ABSOLUTE EDT 100 ML;HOMBRE;96.485
ANTONIO BANDERAS;MEDITERRANEO HOMME EDT 100 ML;HOMBRE;81.383
ANTONIO BANDERAS;MEDITERRANEO HOMME EDT 200 ML;HOMBRE;104.875
ANTONIO BANDERAS;DIAVOLO EDT 100 ML;HOMBRE;79.705
ANTONIO BANDERAS;THE SECRET EDT 100 ML;HOMBRE;96.485
ANTONIO BANDERAS;THE SECRET EDT 200 ML;HOMBRE;116.621
ANTONIO BANDERAS;THE GOLDEN SECRET EDT 200 ML;HOMBRE;116.621
ANTONIO BANDERAS;THE SECRET GAME EDT 100 ML;HOMBRE;99.841
ARMANI;ARMANI CODE HOMME EDT 75 ML;HOMBRE;376.711
ARMANI;DIAMONDS HOMME EDT 75 ML;HOMBRE;314.625
ARMANI;ACQUA DI GIO HOMME EDT 100 ML;HOMBRE;368.321
ARMANI;ACQUA DI GIO HOMME EDT 200 ML;HOMBRE;482.425
ARMANI;ACQUA DI GIO PROFUMO PARFUM 125 ML;HOMBRE;435.441
ARMANI;EMPORIO HOMME EDT 100 ML;HOMBRE;326.371
AZZARO;AZZARO POUR HOMME EDT 30+30 ML DUO PACK TOTAL 60;HOMBRE;104.875
AZZARO;AZZARO POUR HOMME EDT 50 ML;HOMBRE;110.748
AZZARO;AZZARO POUR HOMME EDT 100 ML;HOMBRE;158.571
AZZARO;AZZARO POUR HOMME EDT 100 ML + DEO 150 ML EST;HOMBRE;183.741
AZZARO;AZZARO POUR HOMME EDT 200 ML;HOMBRE;200.521
AZZARO;AZZARO POUR HOMME EDT 400 ML (SPLASH SIN VAPO);HOMBRE;292.811
AZZARO;AZZARO POUR HOMME SUMMER LIM EDI EDT 100 ML;HOMBRE;99.841
AZZARO;VISIT MEN EDT 100 ML;HOMBRE;116.621
AZZARO;CHROME EDT 100 ML;HOMBRE;161.088
AZZARO;CHROME LEGEND EDT 75 ML;HOMBRE;100.680
AZZARO;CHROME LEGEND EDT 125 ML;HOMBRE;146.825
AZZARO;CHROME UNITED EDT 100 ML (NUEVO);HOMBRE;108.231
AZZARO;CHROME UNITED EDT 100 ML + EDT 30 ML ESTUCHE;HOMBRE;146.825
AZZARO;CHROM SPORT EDT 100 ML;HOMBRE;121.655
AZZARO;CHROME SPORT EDT 100 ML (SIN CELOFAN);HOMBRE;113.265
AZZARO;CHROME SPORT EDT 100 ML;HOMBRE;125.011
AZZARO;AZZARO DECIBEL 2 X 25 ML;HOMBRE;70.476
AZZARO;DECIBEL EDT 25 ML;HOMBRE;41.111
BANANA REPUBLIC;SLATE HOMME EDT 100 ML $$$$$;HOMBRE;130.045
BANANA REPUBLIC;WILDBLUE NOIR EDT 100 ML $$$$$;HOMBRE;152.698
BENETTON;BENETTON VERDE MEN EDT 30 ML;HOMBRE;20.975
BENETTON;BENETTON UNITED MEN EDT 100 ML;HOMBRE;74.671
BURBERRY;BRIT SPLASH EDT 100 ML (NUEVO);HOMBRE;180.385
BURBERRY;BRIT MEN EDT 100 ML;HOMBRE;176.190
BURBERRY;BRIT RTYTHM INTENSE EDT 90 ML (NUEVO);HOMBRE;188.775
BURBERRY;LONDON FOR MEN EDT100 ML;HOMBRE;171.995
BURBERRY;BURBERRY FOR MEN EDT 100 ML;HOMBRE;167.800
BVLGARI;BVLGARI MAN EDT 100 ML (NUEVO) BLANCO;HOMBRE;217.301
BVLGARI;BVLGARI MAN EDT 150 ML (NUEVO) BLANCO;HOMBRE;259.251
BVLGARI;BVLGARI MAN EXTREME INTENSE EDP 100 ML;HOMBRE;243.310
BVLGARI;BVLGARI AQVA EDT 100 ML;HOMBRE;197.165
BVLGARI;BVLGARI AQVA AMARA EDT 100 ML;HOMBRE;197.165
BVLGARI;BVLGARI BLV MEN EDT 100 ML;HOMBRE;205.555
BVLGARI;BVLGARI MAN IN BLACK INTENSE EDP 100 ML;HOMBRE;260.090
CALVIN KLEIN;SET MINIATURA CALVIN KLEIN  5 x 10 ML;HOMBRE;158.571
CALVIN KLEIN;REVEAL EDT 100 ML (NUEVO);HOMBRE;200.521
CALVIN KLEIN;ONE RED HIM EDT 100 ML;HOMBRE;116.621
CALVIN KLEIN;ONE SHCOK HIM EDT 50 ML;HOMBRE;66.281
CALVIN KLEIN;ONE SHOCK HIM EDT 100 ML;HOMBRE;114.943
CALVIN KLEIN;ONE SHOCK HIM EDT 200 ML;HOMBRE;150.181
CALVIN KLEIN;CK IN 2 U HIM EDT 100 ML;HOMBRE;116.621
CALVIN KLEIN;CK IN 2 U HIM EDT 150 ML;HOMBRE;146.825
CALVIN KLEIN;ENCOUNTER FOR HIM EDT 100 ML (NUEVO);HOMBRE;130.045
CALVIN KLEIN;CONTRADICTION MEN EDT 100 ML;HOMBRE;130.045
CALVIN KLEIN;EUPHORIA MEN EDT 100 ML;HOMBRE;197.165
CALVIN KLEIN;OBSESSION HOMME EDT 125 ML;HOMBRE;150.181
CALVIN KLEIN;OBSESSION NIGHT HOMME EDT 125 ML;HOMBRE;148.503
CALVIN KLEIN;ETERNITY MEN EDT 100 ML;HOMBRE;146.825
CALVIN KLEIN;ONE RED HIM EDT 100 ML;HOMBRE;116.621
CAROLINA HERRERA;CH MEN EDT 100 ML;HOMBRE;359.931
CAROLINA HERRERA;CH SPORT MEN EDT 100 ML;HOMBRE;183.741
CAROLINA HERRERA;CH PRIVE EDT 100 ML (NUEVO);HOMBRE;334.761
CAROLINA HERRERA;212 MEN EDT 30 ML;HOMBRE;138.435
CAROLINA HERRERA;212 MEN EDT 100 ML;HOMBRE;331.405
CAROLINA HERRERA;212 VIP MEN EDT 100 ML;HOMBRE;331.405
CAROLINA HERRERA;212 MEN CLUB EDITION EDT 100 ML;HOMBRE;348.185
CAROLINA HERRERA;212 SUMMER MEN EDT 100 ML;HOMBRE;225.691
CAROLINA HERRERA;212 SEXY MEN EDT 100 ML;HOMBRE;292.811
CAROLINA HERRERA;HERRERA FOR MEN EDT 100 ML;HOMBRE;291.972
CAROLINA HERRERA;CHIC FOR MEN EDT 60 ML;HOMBRE;186.258
CAROLINA HERRERA;CHIC FOR MEN EDT 100 ML;HOMBRE;267.641
CARTIER;DECLARATION HOMME EDT 100 ML;HOMBRE;284.421
CARTIER;DECLARATION SOIR HOMME EDT 100 ML;HOMBRE;264.285
CARTIER;ROADSTER HOMME EDT 100 ML;HOMBRE;276.031
CARTIER;ROADSTER SPORT HOMME EDT 100 ML;HOMBRE;276.031
CONFINLUXE;CAFÉ CAFÉ PURO EDT 100 ML;HOMBRE;29.365
CUBA;ROYAL EDT 35 ML;HOMBRE;19.297
CUBA;ROYAL EDT 100 ML;HOMBRE;34.819
CUBA;BLACK EDT 35 ML;HOMBRE;19.297
CUBA;BLACK EDT 100 ML;HOMBRE;34.819
CUBA;BRAZIL EDT 35 ML;HOMBRE;19.297
CUBA;BRAZIL EDT 100 ML;HOMBRE;34.819
CUBA;GOLD EDT 35 ML;HOMBRE;19.297
CUBA;GOLD EDT 100 ML;HOMBRE;34.819
CUBA;BLUE EDT 100 ML;HOMBRE;34.819
CUBA;RED EDT 35 ML;HOMBRE;19.297
CUBA;RED EDT 100 ML;HOMBRE;34.819
CUBA;GREY EDT 35 ML;HOMBRE;19.297
CUBA;GREY EDT 100 ML;HOMBRE;34.819
CUBA;BROWN EDT 35 ML;HOMBRE;19.297
CUBA;BROWN EDT 100 ML;HOMBRE;34.819
CUBA;GREEN EDT 35 ML;HOMBRE;19.297
CUBA;GREEN EDT 100 ML;HOMBRE;34.819
CUBA;GREY EDT 35 ML;HOMBRE;19.297
CUBA;GREY EDT 100 ML;HOMBRE;34.819
CUBA;RED EDT 100 ML;HOMBRE;34.819
CUBA;SILVER BLUE EDT 100 ML;HOMBRE;34.819
CUBA;WILD HEART EDT 100 ML;HOMBRE;34.819
DAVIDOFF;COOLWATER MEN EDT 125 ML;HOMBRE;155.215
DESIGUAL;DESIGUAL DARK EDT 100 ML  (NUEVO) $$$;HOMBRE;166.961
DESIGUAL;DESIGUAL DARK FRESH EDT 100 ML (NUEVO) $$$;HOMBRE;166.961
DIESEL;PLUS PLUS MEN EDT 75 ML;HOMBRE;49.501
DIOR;FAHRENHEIT EDT 100 ML;HOMBRE;393.491
DIOR;FAHRENHEIT EDT 200 ML;HOMBRE;477.391
DISNEY PITUFO;PAPA 50 ML + GEL DE DUCHA 75 ML;HOMBRE;29.365
DISNEY;SMURFS PAPA BLUE STYLE EDT 100 ML;HOMBRE;46.145
DISNEY;MICKEY MOUSE EDT 100 ML;HOMBRE;46.145
DISNEY;BATMAN EDT 100 ML;HOMBRE;46.145
DISNEY;SPIDERMAN ULTIMATE EDT 100 ML;HOMBRE;46.145
DISNEY;MINIONS EDT 100 ML;HOMBRE;46.145
DISNEY;SUPERMAN EDT 100 ML;HOMBRE;46.145
DOLCE & GABANNA;DOLCE & GABANNA HOMME INTENSO EDP 75 ML;HOMBRE;222.335
DOLCE & GABANNA;DOLCE & GABANNA HOMME INTENSO EDP 125 ML;HOMBRE;317.981
DOLCE & GABANNA;THE ONE HOMME EDT 100 ML;HOMBRE;301.201
DOLCE & GABANNA;DOLCE & GABANNA POUR HOMME EDT 125 ML;HOMBRE;289.455
DOLCE & GABANNA;LIGHT BLUE POUR HOMME EDT 125 ML;HOMBRE;309.591
DOLCE & GABANNA;LIGHT BLUE POUR HOMME EDT 200 ML;HOMBRE;343.151
DONNA KARAN NY;DKNY MEN EDT 100 ML;HOMBRE;234.081
DUPONT;NOIR EDT 100 ML $$$$;HOMBRE;141.791
EMANUEL UNGARO;UNGARO III EDT 100 ML;HOMBRE;110.748
EMANUEL UNGARO;UNGARO III GOLD EDT 100 ML (CONCENTRADO)$$$$$;HOMBRE;104.875
EMANUEL UNGARO;UNGARO III AROMATIQUE EDT 100 ML;HOMBRE;110.748
EMANUEL UNGARO;UNGARO COLOGNE EXTREME EDT 90 ML (NUEVO);HOMBRE;91.451
EMANUEL UNGARO;UNGARO MAN EDT 90 ML;HOMBRE;91.451
EMANUEL UNGARO;UNGARO MASCULINE EDT 90 ML (NUEVO);HOMBRE;91.451
EREMENEGILDO ZEGNA;Z BY ZEGNA EDT 100 ML;HOMBRE;201.360
EREMENEGILDO ZEGNA;ZEGNA FORTE EDT 100 ML;HOMBRE;218.140
EREMENEGILDO ZEGNA;ZEGNA INTENSO EDT 100 ML;HOMBRE;218.140
EREMENEGILDO ZEGNA;ZEGNA UOMO EDT 30 ML;HOMBRE;55.374
EREMENEGILDO ZEGNA;ZEGNA UOMO EDT 100 ML;HOMBRE;163.605
FERRARI;FERRARI UOMO EDT 50 ML $$$$$;HOMBRE;74.671
FERRARI;SCUDERIA RED EDT 75 ML $$$$$;HOMBRE;88.095
FERRARI;SCUDERIA RED EDT 125 ML $$$$$;HOMBRE;106.553
FERRARI;SCUDERIA BLACK EDT 75 ML $$$$$;HOMBRE;83.061
FERRARI;SCUDERIA BLACK EDT 125 ML $$$$$;HOMBRE;99.841
FERRARI;BLACK SIGNATURE EDT 125 ML $$$$$;HOMBRE;106.553
FERRARI;RED POWER EDT 75 ML $$$$$;HOMBRE;83.061
FERRARI;RED POWER EDT 125 ML $$$$$;HOMBRE;106.553
FERRARI;SCUDERIA FERRARI EDT 75 ML $$$$$;HOMBRE;83.061
FUJIYAMA;FUJIYAMA HOMME EDT 100 ML;HOMBRE;49.501
FUJIYAMA;BLACK LABEL EDT 100 ML;HOMBRE;49.501
FUJIYAMA;FUJIYAMA HOMME SPORT EDT 100 ML;HOMBRE;49.501
FUJIYAMA;FUJIYAMA GENTLEMAN EDT 100 ML;HOMBRE;49.501
GAP;GAP BLUE MEN EDT 50 ML ESTUCHE;HOMBRE;66.281
GAP;1969 ELECTRIC MAN EDT 100 ML;HOMBRE;108.231
GAP;1969 INSPIRE MAN EDT 30 ML;HOMBRE;50.340
GAP;1969 INSPIRE MAN EDT 100 ML;HOMBRE;108.231
GIAN FRANCO FERRE;FERRE FOR MEN EDT 100 ML $$$$$;HOMBRE;141.791
GIVENCHY;GIVENCHY POUR HOMME EDT 100 ML;HOMBRE;230.725
GIVENCHY;PI NEO EDT 30 ML;HOMBRE;113.265
GIVENCHY;INSENSE ULTRAMARINE EDT 100 ML;HOMBRE;205.555
GIVENCHY;XERYUS ROUGE EDT 100 ML;HOMBRE;234.081
GUESS;GUESS SEDUCTIVE MEN EDT 100 ML;HOMBRE;108.231
GUESS;BLUE SEDUCTIVE EDT 100 ML;HOMBRE;96.485
GUESS;GUESS NIGHT EDT 50 ML;HOMBRE;66.281
GUESS;GUESS NIGHT EDT 100 ML;HOMBRE;108.231
GUESS;GUESS NIGHT ACCESS EDT 100 ML;HOMBRE;108.231
GUESS;GUESS MEN EDT 75 ML;HOMBRE;99.841
GUESS;GUESS BY MARCIANO HOMME EDT100 ML;HOMBRE;104.875
GUY LAROCHE;DRAKKAR EDT 100 ML;HOMBRE;155.215
HALSTON;HALSTON 1-12 EDC 125 ML;HOMBRE;50.340
HALSTON;HALSTON Z - 14  EDC 125 ML;HOMBRE;91.451
HALSTON;HALSTON Z - 14  EDC 237 ML;HOMBRE;116.621
HERMES;TERRE D HERMES EDT 100 ML;HOMBRE;432.085
HUGO BOSS;THE SCENT EDT 100 ML (NUEVO);HOMBRE;317.981
HUGO BOSS;HUGO ORANGE MAN EDT 60 ML;HOMBRE;141.791
HUGO BOSS;HUGO ORANGE MAN EDT 100 ML;HOMBRE;201.360
HUGO BOSS;DARK BLUE EDT 75 ML;HOMBRE;146.825
HUGO BOSS;HUGO XY EDT 100 ML;HOMBRE;183.741
HUGO BOSS;IN MOTION EDT 90 ML;HOMBRE;208.911
HUGO BOSS;HUGO ELEMENTS EDT 90 ML;HOMBRE;197.165
HUGO BOSS;HUGO MEN EDT 75 ML MUSIC EDI (MISMO AROMA CANTIMPLORA);HOMBRE;150.181
HUGO BOSS;HUGO MEN EDT 125 ML (CANTIMPLORA);HOMBRE;225.691
HUGO BOSS;HUGO MEN EDT 200 ML (CANTIMPLORA);HOMBRE;306.235
HUGO BOSS;HUGO MEN JUST DIFFERENT EDT 40 ML;HOMBRE;121.655
HUGO BOSS;HUGO MEN JUST DIFFERENT EDT 100 ML;HOMBRE;197.165
HUGO BOSS;HUGO MEN JUST DIFFERENT EDT 125 ML;HOMBRE;208.911
HUGO BOSS;HUGO MEN JUST DIFFERENT EDT 200 ML;HOMBRE;292.811
HUGO BOSS;HUGO RED EDT 125 ML (CANTIMPLORA ROJA);HOMBRE;222.335
HUGO BOSS;HUGO RED EDT 200 ML (CANTIMPLORA ROJA);HOMBRE;301.201
HUGO BOSS;BOSS NUMBER ONE EDT 125 ML;HOMBRE;180.385
HUGO BOSS;BOSS N°6 EDT 100 ML;HOMBRE;247.505
HUGO BOSS;BOSS N°6 NIGHT EDT 100 ML;HOMBRE;234.081
HUGO BOSS;BOSS Nª6 NIGHT EDT 200 ML;HOMBRE;331.405
HUGO BOSS;BOSS N°6 INTENSE EDT 100 ML (NUEVO);HOMBRE;243.310
HUGO BOSS;BOSS N°6 COLLECTOR EDITION EDT 100 ML (NUEVO);HOMBRE;243.310
HUGO BOSS;BOSS N°6 UNLIMITED EDT 100 ML;HOMBRE;255.895
ISSEY MIYAKE;LEAU D ISSEY HOMME EDT 125 ML;HOMBRE;264.285
ISSEY MIYAKE;LEAU D ISSEY INTENSE HOMME EDT 125 ML;HOMBRE;200.521
JEAN PAUL GAULTIER;LE MALE EDT 125 ML;HOMBRE;292.811
JESUS DE POZO;HALLOWEEN MAN EDT 125 ML;HOMBRE;165.283
JESUS DE POZO;HALLOWEEN ROCK ON EDT 125 ML;HOMBRE;158.571
JESUS DE POZO;HALLOWEEN SHOT EDT 125 ML (NUEVO);HOMBRE;167.800
JESUS DE POZO;HALLOWEEN SHOT EDT 125 ML + 50 ML ESTUCHE;HOMBRE;217.301
JOVAN;JOVAN MUSK MEN 29 ML;HOMBRE;20.136
JOVAN;JOVAN MUSK MEN 88 ML;HOMBRE;35.238
JOVAN;JOVAN MUSH MEN 29 ML + DEO 150 ML ESTUCHE;HOMBRE;27.687
KENZO;LEAU PAR KENZO HOMME EDT 100 ML;HOMBRE;234.081
LACOSTE;LACOSTE ESSENTIAL EDT 125 ML;HOMBRE;217.301
LACOSTE;LACOSTE RED EDT 125 ML;HOMBRE;217.301
LACOSTE;LACOSTE POUR HOMME EDT 100 ML;HOMBRE;208.911
LACOSTE;LACOSTE LIVE EDT 100 ML (NUEVO);HOMBRE;208.911
LACOSTE;L.12.12 NOIR EDT 100 ML;HOMBRE;208.911
LACOSTE;L.12.12 BLANC EDT 100 ML;HOMBRE;225.691
LACOSTE;L.12.12 BLANC EDT 100 ML (SIN CELOFAN);HOMBRE;208.911
LACOSTE;L.12.12 BLANC LIMITED EDITION EDT 100 ML (BLANCO);HOMBRE;200.521
LACOSTE;L.12.12 BLEU EDT 100 ML (AZUL);HOMBRE;222.335
LACOSTE;L.12.12 JAUNE EDT 50 ML (AMARILLO);HOMBRE;150.181
LACOSTE;CHALLENGE EDT 90 ML;HOMBRE;217.301
LACOSTE;CHALLENGE REFESH EDT 90 ML;HOMBRE;217.301
LAMBORGHINI;LAMBORGHINI ACQUA EDT 100 ML;HOMBRE;41.111
LANVIN;LANVIN L HOMME EDT 100 ML;HOMBRE;128.367
LANVIN;ECLAT HOMME EDT 100 ML;HOMBRE;180.385
LANVIN;OXYGENE HOMME EDT 100 ML;HOMBRE;116.621
LOMANI;LOMANI HOMME EDT 100 ML;HOMBRE;31.882
LOLITA LEMPICKA;LOLITA LEMPICKA AU MASCULIN EDT 100 ML;HOMBRE;138.435
MARINA DE BOURBON;PRINCE LE GALANT EDT 100 ML;HOMBRE;108.231
MOLYNEUX;QUARTZ HOMME EDT 50 ML;HOMBRE;66.281
MONTBLANC;EMBLEM EDT 60 ML (NUEVO);HOMBRE;138.435
MONTBLANC;INDIVIDUEL HOMME EDT 75 ML;HOMBRE;144.308
MONTBLANC;STARWALKER EDT 75 ML;HOMBRE;150.181
MONTBLANC;PRESENCE HOMME EDT 75 ML;HOMBRE;150.181
MONTBLANC;PRESENCE COOL HOMME EDT 75 ML;HOMBRE;146.825
MONTBLANC;EXCEPTIONNEL HOMME EDT 50 ML;HOMBRE;105.714
MONTBLANC;EXCEPTIONNEL HOMME EDT 75 ML;HOMBRE;150.181
NAUTICA;NAUTICA LIFE EDT 100 ML;HOMBRE;88.095
NAUTICA;NAUTICA BLUE EDT 50 ML;HOMBRE;32.721
NAUTICA;NAUTICA BLUE EDT 100 ML;HOMBRE;49.501
NAUTICA;NAUTICA CLASSIC EDT 50 ML;HOMBRE;32.721
NAUTICA;NAUTICA CLASSIC EDT 100 ML;HOMBRE;49.501
NAUTICA;AQUA RUSH GOLD EDT 100 ML;HOMBRE;92.290
NAUTICA;AQUA RUSH EDT 100 ML;HOMBRE;88.095
NAUTICA;NAUTICA BLUE PERFUMED BODY SPRAY 150 ML;HOMBRE;20.975
NAUTICA;NAUTICA CLASSIC PERFUMED BODY SPRAY 150 ML;HOMBRE;20.975
NAUTICA;NAUTICA VOYAGE EDT 100 ML;HOMBRE;83.061
NAUTICA;NAUTICA VOYAGE PERFUMED BODY SPRAY 150 ML;HOMBRE;20.975
NAUTICA;NAUTICA VOYAGE SPORT EDT 100 ML (NUEVO);HOMBRE;83.061
NAUTICA;VOYAGE N-83 EDT 100 ML;HOMBRE;88.095
NAUTICA;NAUTICA VOYAGE N-83 PERFUMED BODY SPRAY;HOMBRE;20.975
NIKE;NIKE FISSION MEN EDT 100 ML $$;HOMBRE;41.111
OCEAN PACIFIC;JUICE MEN EDT 50 ML;HOMBRE;32.721
OSCAR DE LA RENTA;POUR LUI EDT 100 ML;HOMBRE;114.104
OSCAR DE LA RENTA;OSCAR MEN EDT 100 ML (AMARILLO) $$$$$;HOMBRE;92.290
PACO RABANNE;XS MEN EDT 100 ML;HOMBRE;217.301
PACO RABANNE;BLACK XS MEN EDT 100 ML;HOMBRE;265.124
PACO RABANNE;ONE MILLION EDT 100 ML;HOMBRE;351.541
PACO RABANNE;PACO POUR HOMME EDT 100 ML;HOMBRE;222.335
PACO RABANNE;ULTRAVIOLET MEN EDT 100 ML;HOMBRE;247.505
PARIS HILTON;PARIS HILTON MEN EDT 100 ML;HOMBRE;121.655
PARIS HILTON;HEIR MEN EDT 100 ML;HOMBRE;113.265
PARIS HILTON;JUST ME MEN EDT 50 ML;HOMBRE;66.281
PARIS HILTON;JUST ME MEN EDT 100 ML;HOMBRE;108.231
PENGUIN;PENGUIN ORIGINAL EDT 100 ML;HOMBRE;108.231
PENGUIN;PENGUIN ROCKS EDT 100 ML;HOMBRE;108.231
PENGUIN;PENGUIN RESERVE EDT 100 ML;HOMBRE;108.231
PERRY ELLIS;AQUA MEN EDT 100 ML;HOMBRE;125.011
PERRY ELLIS;360 MEN EDT 50 ML;HOMBRE;57.891
PERRY ELLIS;PERRY ELLIS MAN EDT 100 ML;HOMBRE;125.011
PERRY ELLIS;PORTFOLIO MEN EDT 100 ML;HOMBRE;119.977
PIERRE CARDIN;VERITAGE POUR HOMME EDT 50 ML;HOMBRE;46.145
PIERRE CARDIN;PIERRE CARDIN POUR HOMME EDT 50 ML;HOMBRE;46.145
PIERRE CARDIN;PIERRE CARDIN POUR HOMME EDT 75 ML;HOMBRE;57.891
PIERRE CARDIN;REVELATION  HOMME EDT 50 ML;HOMBRE;41.111
PINO SILVESTRE;PINO SILVESTRE EDT 125 ML;HOMBRE;66.281
POLICE;TO BE THE KING EDT 75 ML;HOMBRE;108.231
POLICE;TO BE THE SINNER EDT  100 ML;HOMBRE;146.825
POLICE;POLICE TO BE EDT 125 ML;HOMBRE;125.011
PUIG;AGUA BRAVA EDC 100 ML;HOMBRE;71.315
PUIG;AGUA BRAVA EDC 200 ML;HOMBRE;99.841
PUIG;QUORUM EDT 100 ML;HOMBRE;74.671
PUIG;AQUA QUORUM EDT 100 ML;HOMBRE;74.671
PUIG;QUORUM SILVER EDT 100 ML;HOMBRE;74.671
RALPH LAUREN;SET POLO 4 X 15 ML C/U (RED, BLUE, BLACK Y GREEN);HOMBRE;276.031
RALPH LAUREN;POLO GREEN EDT 118 ML (VERDE);HOMBRE;331.405
RALPH LAUREN;POLO GREEN EDT 237 ML (VERDE);HOMBRE;440.475
RALPH LAUREN;POLO SPORT EDT 75 ML;HOMBRE;230.725
RALPH LAUREN;POLO SPORT EDT 125 ML;HOMBRE;359.931
RALPH LAUREN;POLO RED EDT 125 ML;HOMBRE;359.931
RALPH LAUREN;POLO RED EDT 125 + 15 ML ESTUCHE;HOMBRE;376.711
RALPH LAUREN;POLO RED EDT 200 ML;HOMBRE;418.661
RALPH LAUREN;POLO RED INTENSE EDT 125 ML;HOMBRE;364.965
RALPH LAUREN;POLO BLACK EDT 125 ML;HOMBRE;339.795
RALPH LAUREN;POLO BLUE SPORT EDT 75 ML;HOMBRE;200.521
RALPH LAUREN;POLO BLUE EDT 125 ML;HOMBRE;339.795
RALPH LAUREN;POLO BLUE EDT 125 ML + 15 ML;HOMBRE;368.321
RALPH LAUREN;POLO BLUE EDT 200 ML;HOMBRE;418.661
RALPH LAUREN;POLO BIG PONY N°1 EDT 75 ML;HOMBRE;183.741
RALPH LAUREN;POLO BIG PONY N°1 EDT 125 ML;HOMBRE;326.371
RALPH LAUREN;POLO BIG PONY N°2 EDT 75 ML;HOMBRE;183.741
RALPH LAUREN;POLO BIG PONY N°2 EDT 125 ML;HOMBRE;326.371
RALPH LAUREN;POLO BIG PONY N°3 EDT 75 ML;HOMBRE;183.741
RALPH LAUREN;POLO BIG PONY N°3 EDT 125 ML;HOMBRE;326.371
RALPH LAUREN;POLO BIG PONY N°4 EDT 75 ML;HOMBRE;183.741
RALPH LAUREN;POLO BIG PONY N°4 EDT 125 ML;HOMBRE;326.371
SWISS ARMY;SWISS ARMY CLASSIC MEN EDT 100 ML;HOMBRE;141.791
SWISS ARMY;FOREST EDT 100 ML (nuevo);HOMBRE;116.621
SWISS ARMY;MOUNTAIN WATER HOMME EDT 100 ML;HOMBRE;141.791
SWISS ARMY;CLASSIC SPORT MEN EDT 100 ML;HOMBRE;141.791
SWISS ARMY;ALTITUDE MEN EDT 100 ML;HOMBRE;150.181
TED LAPIDUS;ALTAMIR EDT 125 ML;HOMBRE;116.621
THIERRY MUGLER;AMEN EDT 100 ML (RUBBER);HOMBRE;250.861
THIERRY MUGLER;AMEN PURE WOOD EDT 100 ML;HOMBRE;250.861
TOMMY HILFIGER;FREEDOM MEN EDT 100 ML;HOMBRE;125.011
TOMMY HILFIGER;FREEDOM SPORT MEN EDT 100 ML;HOMBRE;125.011
TOMMY HILFIGER;TOMMY MEN EAU PREP EDT 100 ML;HOMBRE;116.621
TOMMY HILFIGER;TOMMY MEN  100 ML;HOMBRE;138.435
TOMMY HILFIGER;TOMMY MEN EDT 200 ML;HOMBRE;192.131
TOMMY HILFIGER;TOMMY MEN BRIGHT CITRUS EDT 100 ML;HOMBRE;155.215
VAN CLEEF;TSAR EDT 100 ML;HOMBRE;158.571
VAN CLEEF;VAN CLEEF POUR HOMME EDT 100 ML;HOMBRE;158.571
VERSACE;BLUE JEANS EDT 75 ML;HOMBRE;113.265
YVES SAINT LAURENT;KOUROS EDT 100 ML;HOMBRE;276.031
YVES SAINT LAURENT;BODY KOUROS EDT 100 ML;HOMBRE;208.911
ANTONIO BANDERAS;BLACK SEDUCTION ELECTRIC MEN EDT 100 ML TESTER;HOMBRE;57.891
ANTONIO BANDERAS;BLACK SEDUCTION EDT 100 ML TESTER;HOMBRE;57.891
ANTONIO BANDERAS;THE GOLDEN SECRET EDT 100 ML TESTER;HOMBRE;66.281
ANTONIO BANDERAS;KING SEDUCTION MEN EDT 100 ML TESTER;HOMBRE;66.281
ANTONIO BANDERAS;BLUE SEDUCTION ELECTRIC MEN EDT 100 ML TESTER;HOMBRE;57.891
ANTONIO BANDERAS;BLUE SEDUCTION MEN EDT 100 ML TESTER;HOMBRE;66.281
ARMANI;ACQUA DI GIO HOMME EDT 100 ML TESTER;HOMBRE;309.591
AZZARO;CHROME UNITED EDT 100 ML TESTER;HOMBRE;99.841
AZZARO;AZZARO POUR HOMME EDT 100 ML TESTER;HOMBRE;98.163
AZZARO;AZZARO LEAU HOMME EDT 100 ML TESTER;HOMBRE;66.281
AZZARO;DECIBEL EDT 100 ML TESTER;HOMBRE;66.281
BANANA REPUBLIC;CORDOVAN EDP 100 ML TESTER $$$$$;HOMBRE;100.680
BANANA REPUBLIC;WILD BLUE NOIR EDP 100 ML TESTER $$$$$;HOMBRE;100.680
CALVIN KLEIN;DARK OBSESSION MEN EDT 125 ML TESTER;HOMBRE;116.621
CAROLINA HERRERA;CH MEN PRIVE EDT 100 ML TESTER;HOMBRE;284.421
CAROLINA HERRERA;212 SEXY MEN EDT 100 ML TESTER;HOMBRE;250.861
CAROLINA HERRERA;HERRERA FOR MEN EDT 100 ML TESTER;HOMBRE;239.115
CAROLINA HERRERA;CHIC FOR MEN EDT 100 ML TESTER;HOMBRE;217.301
DESIGUAL;DESIGUAL DARK EDT 100 ML TESTER;HOMBRE;116.621
DESIGUAL;DESIGUAL DARK FRESH EDT 100 ML TESTER;HOMBRE;116.621
DISNEY PITUFO;GROUCH 50 ML TESTER;HOMBRE;16.780
DISNEY PITUFO;BRAINY 50 ML TESTER;HOMBRE;16.780
DISNEY PITUFO;PAPA 50 ML TESTER;HOMBRE;16.780
DISNEY;AVENGERS EDT 100 ML TESTER SIN CAJA;HOMBRE;16.780
DISNEY;MINIONS EDT 100 ML TESTER SIN CAJA;HOMBRE;16.780
DISNEY;CARS EDT 100 ML TESTER;HOMBRE;16.780
DISNEY;MICKEY MOUSE EDT 100 ML TESTER;HOMBRE;16.780
DISNEY;SPIDERMAN  EDT 100 ML TESTER;HOMBRE;16.780
DOLCE & GABANNA;LIGHT BLUE POUR HOMME EDT 125 ML TESTER;HOMBRE;222.335
DOLCE & GABANNA;DOLCE & GABANNA POUR HOMME EDT 125 ML TEST;HOMBRE;222.335
EKW;4711 TESTER 90 ML TESTER;HOMBRE;33.560
EMANUEL UNGARO;UNGARO III EDT 100 ML TESTER;HOMBRE;83.900
EMANUEL UNGARO;UNGARO MAN EDT 90 ML TESTER;HOMBRE;57.891
FERRARI;SCUDERIA BLACK EDT 125 ML TESTER;HOMBRE;66.281
GAP;1969 MAN EDT 100 ML TESTER;HOMBRE;71.315
GAP;1969 ELECTRIC MAN EDT 100 ML TESTER;HOMBRE;71.315
GAP;1969 INSPIRE MEN EDT 100 ML TESTER;HOMBRE;71.315
GUESS;GUESS MAN EDT 75 ML TESTER;HOMBRE;62.925
HUGO BOSS;HUGO MEN EDT 125 ML (CANTIMPLORA) TESTER;HOMBRE;184.580
HUGO BOSS;BOSS Nª6 EDT 100 ML TESTER;HOMBRE;184.580
HUGO BOSS;BOSS N°6 NIGHT EDT 100 ML TESTER;HOMBRE;184.580
HUGO BOSS;BOSS SELECTION EDT 50 ML TESTER SIN CAJA;HOMBRE;121.655
ISSEY MIYAKE;LEAU D ISSEY MIYAKE HOMME EDT 125 ML TESTER;HOMBRE;192.970
JEAN PAUL GAULTIER;LE MALE EDT 125 ML TESTER;HOMBRE;192.970
JESUS DE POZO;HALLOWEEN ROCK ON EDT 125 ML TESTER;HOMBRE;125.011
JESUS DE POZO;HALLOWEEN SHOT EDT 125 ML TESTER;HOMBRE;125.011
LACOSTE;LACOSTE POUR HOMME EDT 100 ML TESTER;HOMBRE;183.741
MOSCHINO;FOREVER SAILING EDT 100 ML TESTER (NUEVO);HOMBRE;121.655
MOSCHINO;FOREVER EDT 100 ML TESTER;HOMBRE;121.655
MOSCHINO;MOSCHINO OUMO EDT 100 ML TESTER;HOMBRE;121.655
NIKE;NIKE ORIGINAL MEN 75 ML TESTER SIN CAJA $$;HOMBRE;20.975
PACO RABANNE;XS MEN EDT 100 ML TESTER;HOMBRE;167.800
PACO RABANNE;BLACK XS MEN EDT 100 ML TESTER;HOMBRE;217.301
PERRY ELLIS;PORTFOLIO 100 ML TESTER;HOMBRE;83.061
PIERRE CARDIN;VERITAGE POUR HOMME EDT 50 ML TESTER S/CAJA;HOMBRE;24.331
PUIG;QUORUM EDT 100 ML TESTER;HOMBRE;49.501
PUIG;QUORUM SILVER EDT 100 ML TESTER;HOMBRE;49.501
PUIG;AQUA QUORUM EDT 100 ML TESTER;HOMBRE;49.501
SWISS ARMY;CLASSIC MEN EDT 100 ML TESTER;HOMBRE;100.680
SWISS ARMY;ALTITUDE MEN EDT 100 ML TESTER;HOMBRE;100.680
TOMMY HILFIGER;TOMMY MEN EDT 100 ML TESTER;HOMBRE;116.621
TOMMY HILFIGER;TOMMY MEN EAU PREP 100 ML TESTER;HOMBRE;91.451
ADIDAS;GET READY FOR HER EDT 50 ML;MUJER;21.814
ADIDAS;GET READY SHOWER GEL 250 ML $;MUJER;10.907
ADIDAS;GET READY FOR HER EDT 50 ML+GEL DE DUCHA 250;MUJER;32.721
ADIDAS;GET READY BODY FRAGRANCE 75 ML SIN CAJA $;MUJER;13.424
ADIDAS;PURE LIGHTLESS EDT 50 ML;MUJER;21.814
ADIDAS;PURE LIGHTLESS EDT 50 ML+GEL DE DUCHA 250 ML;MUJER;32.721
ADIDAS;PURE LIGHTNESS GEL DE DUCHA 250 ML $;MUJER;13.424
ADIDAS;FRUITY RHYTHM EDT 50 ML;MUJER;21.814
ADIDAS;FRUITY RHYTHM EDT 50 ML + GEL DE DUCHA 250 ML;MUJER;32.721
ADIDAS;FRUITY RHYTHM GEL DE DUCHA 250 ML $;MUJER;13.424
ADIDAS;FRUITY RHYTHM BODY FRAGRANCE 75 ML SIN CAJA $;MUJER;13.424
ADIDAS;ACTION 3 CONTROL DEO 150 ML $;MUJER;13.424
ADIDAS;PROTECT COTTON SHOWER MILK FOR DRY SKIN 250 ML $;MUJER;13.424
AGATHA RUIZ DE LA PRADA;LOVE LOVE LOVE EDT 80 ML;MUJER;108.231
AGENT PROVOCATEUR;AGENT PROVOCATEUR EDP 100 ML $$$$$;MUJER;74.671
AGENT PROVOCATEUR;EAU EMOTIONNELLE EDT 100 ML $$$$$;MUJER;74.671
ANIMALE;ANIMALE LOVE EDP 100 ML (NUEVO) $$$$$;MUJER;125.011
ANIMALE;ANIMALE INTENSE WOMEN EDP 100 ML (NUEVO) $$$$$;MUJER;125.011
ANIMALE;ANIMALE EDP 100 ML;MUJER;166.961
ANIMALE;ANIMALE TEMPTATION WOMEN 30 ML;MUJER;24.331
ANIMALE;ANIMALE TEMPTATION WOMEN 50 ML;MUJER;41.111
ANIMALE;ANIMALE TEMPTATION EDP 100 ML;MUJER;54.535
ANTONIO BANDERAS;HER SECRET GAME WOMEN EDT 80 ML;MUJER;91.451
ANTONIO BANDERAS;BLUE SEDUCTION WOMEN EDT 100 ML;MUJER;99.841
ANTONIO BANDERAS;BLUE SEDUCTION WOMEN EDT 100 ML + DEO 150 ML EST;MUJER;116.621
ANTONIO BANDERAS;BLUE SEDUCTION WOMEN EDT 200 ML;MUJER;124.172
ARMANI;ARMANI SI EDP 100 ML;MUJER;485.781
ARMANI;ARMANI DIAMONDS EDP 100 ML;MUJER;376.711
ARMANI;CODE EDP 75 ML;MUJER;351.541
ARMANI;EMPORIO EDP 100 ML;MUJER;343.151
ARMANI;ACQUA DI GIO WOMEN EDT 100 ML;MUJER;359.931
ARMANI;ACQUA DI GIOIA EDP 100 ML;MUJER;359.931
BANANA REPUBLIC;WILDBLOOM EDP 100 ML (NUEVO) $$$$$;MUJER;158.571
BANANA REPUBLIC;ALABASTER EDP 100 ML $$$$$;MUJER;138.435
BANANA REPUBLIC;ROSEWOOD EDP 100 ML $$$$$;MUJER;138.435
BARBIE;SUMMER FUN EDT 75 ML;MUJER;20.136
BARBIE;SUPER MODEL EDT 75 ML;MUJER;20.136
BARBIE;PRINCESS EDT 75 ML;MUJER;20.136
BARBIE;FREE SPIRIT EDT 75 ML;MUJER;20.136
BBNY;JASMINE NOIR EDP 100 ML $$$$$;MUJER;41.950
BBNY;BBNY POUR FEMME EDP 100 ML $$$$$;MUJER;41.950
BBNY;BBNY ROSE ESSENTIALLE EDP 100 ML $$$$$;MUJER;41.950
BENETTON;STAY DEO 150 ML;MUJER;15.941
BENETTON;STAY EDT 30 ML $$;MUJER;33.476
BENETTON;STAY EDT 50 ML $$;MUJER;49.501
BENETTON;STAY EDT 50 ML + BODY LOCION 100 ML;MUJER;57.891
BENETTON;2 X STAY EDT 50 ML + BODY LOCION 100 ML;MUJER;89.773
BENETTON;STAY EDT 50 ML + DEO 150 ML ESTUCHE;MUJER;57.891
BENETTON;2 X STAY EDT 50 ML + DEO 150 ML ESTUCHE;MUJER;89.773
BENETTON;STAY EDT 80 ML $$$$;MUJER;74.671
BENETTON;STAY EDT 80 ML + DEO 150 ML ESTUCHE;MUJER;83.061
BENETTON;2 X STAY EDT 80 ML + DEO 150 ML ESTUCHE;MUJER;115.782
BENETTON;UNITED JEANS WOMEN EDT 100 ML;MUJER;71.315
BENETTON;HOT GOLD EDT 100 ML;MUJER;71.315
BENETTON;ESSENCE WOMEN EDT 50 ML;MUJER;37.755
BEVERLY HILLS POLO CLUB;POLO CLASSIC WOMEN EDT 50 ML;MUJER;41.111
BEYONCE;HEAT EDP 100 ML;MUJER;88.095
BEYONCE;HEAT RUSH EDP 100 ML;MUJER;88.095
BEYONCE;MIDNIGHT HEAT EDP 100 ML;MUJER;88.095
BEYONCE;HEAT WILD ORCHID EDP 100 ML;MUJER;88.095
BEYONCE;PULSE EDP 100 ML;MUJER;83.061
BEYONCE;RISE EDP 100 ML (NUEVO);MUJER;83.061
BCBG MAXAZRIA;BCBG 50 ML;MUJER;83.061
BCBG MAXAZRIA;BCBG NATURE 50 ML;MUJER;83.061
BCBG MAXAZRIA;BCBG STAR 50 ML;MUJER;83.061
BILL BLASS;SET 4 X 25 ML EDP COUTURE 1,3,6 Y 7 $$$$$ ESTUCH;MUJER;41.111
BRITNEY SPEARS;FANTASY EDP 100 ML;MUJER;150.181
BRITNEY SPEARS;MIDNIGHT FANTASY EDP 100 ML;MUJER;138.435
BRITNEY SPEARS;FANTASY CIRCUS 100 ML;MUJER;91.451
BRITNEY SPEARS;FANTASY THE NAUGHTY REMIX EDP 100 ML;MUJER;91.451
BRITNEY SPEARS;FANTASY THE NICE REMIX EDP 100 ML;MUJER;91.451
BURBERRY;BURBERRY SPORT WOMEN EDT 75 ML;MUJER;163.605
BURBERRY;WEEKEND EDP 100 ML;MUJER;171.995
BURBERRY;MY BURBERRY EDP 90 ML;MUJER;292.811
BURBERRY;BODY EDP 85 ML;MUJER;208.911
BURBERRY;LONDON EDP 100 ML;MUJER;184.580
BURBERRY;THE BEAT EDT 75 ML;MUJER;192.131
BURBERRY;THE BEAT EDP 75 ML;MUJER;200.521
BURBERRY;BURBERRY EDP 100 ML;MUJER;180.385
BURBERRY;BRIT EDT 30 ML;MUJER;96.485
BURBERRY;BRIT EDT 100 ML;MUJER;192.131
BURBERRY;BRIT RHYTHM EDT 90 ML;MUJER;155.215
BURBERRY;BRIT RHYTHM EAU FLORALE WOMEN EDT 90 ML + 7.5 ML+7.5 ML;MUJER;208.911
BURBERRY;BRIT SHEER EDT 100 ML;MUJER;180.385
BURBERRY;TOUCH FOR WOMEN EDP 100 ML;MUJER;192.131
BVLGARI;OMNIA AMETHYSTE EDT 65 ML;MUJER;200.521
CACHAREL;NOA EDT 100 ML;MUJER;250.861
CACHAREL;ANAIS ANAIS EDT 100 ML;MUJER;225.691
CACHAREL;AMOR AMOR EDT 100 ML;MUJER;234.081
CALVIN KLEIN;SET MINIATURA CALVIN KLEIN  MUJER 5 PZAS;MUJER;163.605
CALVIN KLEIN;REVEAL EDP 100 ML (NUEVO);MUJER;183.741
CALVIN KLEIN;TRUTH EDP 100 ML;MUJER;133.401
CALVIN KLEIN;ESCAPE EDP 100 ML;MUJER;155.215
CALVIN KLEIN;OBSESSION EDP 100 ML;MUJER;155.215
CALVIN KLEIN;OBSESSION NIGHT WOMEN EDP 100 ML;MUJER;163.605
CALVIN KLEIN;CONTRADICTION EDP 100 ML;MUJER;125.850
CALVIN KLEIN;ETERNITY EDP 100 ML;MUJER;155.215
CALVIN KLEIN;ETERNITY EDP 200 ML;MUJER;230.725
CALVIN KLEIN;CK IN 2 U HER EDT 100 ML;MUJER;114.943
CALVIN KLEIN;CK IN 2 U HER EDT 150 ML;MUJER;150.181
CALVIN KLEIN;EUPHORIA EDP 100 ML;MUJER;243.310
CALVIN KLEIN;EUPHORIA BLOSSOM EDT 100 ML;MUJER;166.961
CALVIN KLEIN;ONE EDT 100 ML;MUJER;116.621
CALVIN KLEIN;ONE EDT 200 ML;MUJER;150.181
CALVIN KLEIN;ONE SHOCK HER EDT 100 ML;MUJER;114.943
CALVIN KLEIN;ONE SHOCK HER EDT 200 ML;MUJER;150.181
CALVIN KLEIN;ONE SUMMER EDT 100 ML (2016);MUJER;125.011
CALVIN KLEIN;ONE RED HER EDT 100 ML;MUJER;116.621
CALVIN KLEIN;BE EDT 100 ML;MUJER;113.265
CALVIN KLEIN;BE EDT 200 ML;MUJER;138.435
CAROLINA HERRERA;CHIC EDP 80 ML;MUJER;301.201
CAROLINA HERRERA;CAROLINA HERRERA EDP 100 ML;MUJER;343.990
CAROLINA HERRERA;CH WOMEN EDT 100 ML;MUJER;401.881
CAROLINA HERRERA;212 VIP ROSE EDP 80 ML;MUJER;359.931
CAROLINA HERRERA;212 WOMEN EDT 100 ML;MUJER;343.151
CAROLINA HERRERA;212 SEXY EDP 30 ML;MUJER;155.215
CAROLINA HERRERA;212 SEXY EDP 60 ML;MUJER;251.700
CAROLINA HERRERA;212 SEXY EDP 100 ML;MUJER;375.872
CARTIER;EAU DE CARTIER EDT 200 ML;UNISEX;265.124
CARTIER;EAU DE CARTIER VETIVER BLEU EDT 100 ML (NUEVO);UNISEX;217.301
CELINE DION;SENSETIONAL EDT 50 ML;MUJER;46.145
CELINE DION;PURE BRILLIANCE EDT 50 ML;MUJER;46.145
CHLOE;NARCISSE EDT 100 ML;MUJER;150.181
CONFINLUXE;CAFEINA EDT 100 ML;MUJER;29.365
CREED;FLEURISSIMO EDP 75 ML (SOLO EN TOESCA);MUJER;503.400
CREED;INDIANA EDP 75 ML (SOLO EN TOESCA);MUJER;503.400
CREED;SPRING FLOWER EDP 75 ML (SOLO EN TOESCA);MUJER;503.400
CREED;LOVE IN WHITE EDP 75 ML (SOLO EN TOESCA);MUJER;503.400
CREED;FLEUR DE GARDENIA EDP 75 ML (SOLO EN TOESCA);MUJER;503.400
CUBA;MIAMI EDP 35 ML;MUJER;20.556
CUBA;NEW YORK EDP 35 ML;MUJER;20.556
CUBA;LAS VEGAS EDP 35 ML;MUJER;20.556
CUBA;JUNGLE SNAKE EDP 35 ML;MUJER;20.556
CUBA;JUNGLE SNAKE EDP 100 ML;MUJER;41.531
CUBA;JUNGLE TIGER EDP 35 ML;MUJER;20.556
CUBA;JUNGLE TIGER EDP 100 ML;MUJER;41.531
CUBA;JUNGLE ZEBRA EDP 100 ML;MUJER;41.531
CUBA;HEARTBREAKER EDP 100 ML;MUJER;41.531
DAVIDOFF;COOLWATER WOMEN EDT 100 ML;MUJER;146.825
DESIGUAL;DESIGUAL FRESH EDT 100 ML (NUEVO) $$$;MUJER;175.351
DESIGUAL;DESIGUAL YOU EDT 100 ML (NUEVO) $$$;MUJER;175.351
DIESEL;ZERO PLUS WOMEN EDT 75 ML;MUJER;54.535
DISNEY;FROZEN EDT 100 ML;MUJER;46.145
DISNEY;HELLO KITTY EDT 100 ML;MUJER;46.145
DISNEY PITUFO;SMURFS GROUCHY EDT 50 ML +75 ML GEL DE DUCHA;MUJER;29.365
DISNEY PITUFO;SMURFS GUTSY EDT 50 ML + 75 ML GEL DE DUCHA;MUJER;29.365
DISNEY;PRINCESS SLEEPING BEAUTY EDT 100 ML;MUJER;46.145
DISNEY;DORA THE EXPLORER EDT 100 ML;MUJER;46.145
DISNEY;MINNIE MOUSE EDT 100 ML;MUJER;46.145
DOLCE & GABANNA;LIGHT BLUE FEMME EDT 100 ML;MUJER;334.761
DONNA KARAN NY;BE DELICIOUS FRESH BLOSSOM EDP 100 ML;MUJER;225.691
DONNA KARAN NY;BE DELICIOUS NIGHT EDP 100 ML (NEGRO);MUJER;230.725
DONNA KARAN NY;BE DELICIOUS EDP 100 ML (MANZANA VERDE);MUJER;234.081
DONNA KARAN NY;RED DELICIOUS EDP 100 ML (MANZANA ROJA);MUJER;230.725
DONNA KARAN NY;DKNY NEW YORK ENERGISING EDP 100 ML (TORRE);MUJER;239.115
DONNA KARAN NY;MY NEW YORK EDP 100 ML;MUJER;234.081
DUPONT;DUPONT BLANC EDP 100 ML $$$$;MUJER;141.791
ELIZABETH ARDEN;ARDEN BEAUTY EDP 100 ML;MUJER;92.290
ELIZABETH ARDEN;SUNFLOWERS EDT 100 ML;MUJER;91.451
ELIZABETH ARDEN;PRETTY WOMEN EDT 100 ML $$$$$;MUJER;83.061
ELIZABETH ARDEN;MEDITERRAREAN BREEZE EDT 50 ML $$$$$;MUJER;66.281
ELIZABETH ARDEN;GREEN TEA INTENSE EDP 75 ML $$;MUJER;91.451
ELIZABETH ARDEN;GREEN TEA EDP 100 ML;MUJER;91.451
ELIZABETH ARDEN;5TH AVENUE EDP 125 ML;MUJER;145.986
ELIZABETH ARDEN;5TH AVENUE STYLE EDP 125 ML;MUJER;108.231
ELIZABETH ARDEN;5TH AVENUE NYC EDP 125 ML;MUJER;99.841
ELIZABETH ARDEN;5TH AVENUE AFTER FIVE EDP 75 ML $$$$$;MUJER;83.061
ELIZABETH ARDEN;UNTOLD EDP 50 ML $$$$$;MUJER;108.231
ELIZABETH ARDEN;UNTOLD EDP 100 ML $$$$$;MUJER;183.741
ELIZABETH ARDEN;RED DOOR EDT 100 ML;MUJER;166.961
ELIZABETH ARDEN;RED DOOR AURA EDP 100 ML $$$$$;MUJER;108.231
EMANUEL UNGARO;UNGARO WOMEN EDP 90 ML;MUJER;91.451
EMANUEL UNGARO;UNGARO PARTY EDT 90 ML;MUJER;83.061
EMANUEL UNGARO;UNGARO FEMININE EDT 90 ML (NUEVO);MUJER;91.451
ESTEE LAUDER;BEAUTIFUL EDP 75 ML;MUJER;317.981
ESTEE LAUDER;PLEASEURES EDP 100 ML;MUJER;317.981
FUJIYAMA;FUJIYAMA SEXY FEMME EDP 100 ML;MUJER;49.501
FUJIYAMA;MON AMOUR EDP 100 ML;MUJER;49.501
FUJIYAMA;FUJIYAMA FEMME EDP 100 ML;MUJER;49.501
GAP;GAP GRASS BODY MIST 50 ML;MUJER;15.941
GAP;GAP BLUE WOMEN EDT 50 ML;MUJER;66.281
GAP;1969 WOMEN EDT 30 ML;MUJER;50.340
GAP;1969 WOMEN EDT 50 ML;MUJER;66.281
GAP;1969 IMAGINE WOMEN EDT 100 ML;MUJER;108.231
GAP;1969 BRIGHT EDT 100 ML;MUJER;108.231
GAP;GAP CLOSE EDT 50 ML;MUJER;66.281
GIVENCHY;HOT COUTURE EDP 100 ML;MUJER;348.185
GIVENCHY;ORGANZA EDP 100 ML;MUJER;323.015
GIVENCHY;AMARIGE EDT 100 ML;MUJER;292.811
GIVENCHY;PLAY FOR HER EDT 75 ML;MUJER;234.081
GIVENCHY;PLAY FOR HER EDP 75 ML;MUJER;270.158
GIVENCHY;VERY IRRESISTIBLE  EDT 75 ML;MUJER;276.031
GIVENCHY;VERY IRRESISTIBLE L INTENSE EDP 75 ML;MUJER;302.040
GIORGIO BEVERLY HILLS;G BY GIORGIO EDT 90 ML (MORADO);MUJER;96.485
GIORGIO BEVERLY HILLS;GIORGIO EDT 90 ML (AMARILLO);MUJER;146.825
GLORIA VENDERBILT;GLORIA VENDERBILT EDT 100 ML;MUJER;50.340
GRES;CABOTINE EDT 100 ML;MUJER;71.315
GRES;CABOTINE EDP 100 ML;MUJER;108.231
GUCCI;GUCCI BY GUCCI EDP 75 ML;MUJER;292.811
GUESS;GUESS DOUBLE DARE EDP 100 ML;MUJER;108.231
GUESS;GUESS DARE EDT 100 ML (NUEVO);MUJER;99.841
GUESS;GUESS GIRL EDT 100 ML;MUJER;99.841
GUESS;GUESS GIRL BELLE EDT 100 ML;MUJER;108.231
GUESS;GUESS PINK EDP 75 ML (ROSADO);MUJER;88.095
GUESS;GUESS BY MARCIANO EDP 100 ML;MUJER;96.485
HUGO BOSS;DEEP RED EDP 90 ML;MUJER;213.945
HUGO BOSS;HUGO XX EDT 100 ML;MUJER;188.775
HUGO BOSS;BOSS WOMEN EDP 90 ML (MEDIA LUNA);MUJER;200.521
HUGO BOSS;MA VIE EDP 75 ML (NUEVO);MUJER;255.895
HUGO BOSS;MA VIE RUN AWAY EDITION EDP 75 ML $$;MUJER;208.911
HUGO BOSS;BOSS JOUR EDP 75 ML;MUJER;230.725
HUGO BOSS;BOSS JOUR RUN AWAY EDITION EDP 75 ML $$;MUJER;208.911
HUGO BOSS;BOSS NUIT EDP 75 ML;MUJER;230.725
HUGO BOSS;HUGO BOSS FEMME EDP 75 ML;MUJER;242.471
ISSEY MIYAKE;LEAU D ISSEY WOMEN EDT 100 ML;MUJER;284.421
JEAN PAUL GAULTIER;CLASSIQUE EDT 100 ML;MUJER;292.811
JENNIFER LOPEZ;LIVE EDT 100 ML;MUJER;104.875
JENNIFER LOPEZ;LIVE LUXE EDT 100 ML;MUJER;104.875
JESUS DE POZO;ESENCIA DE DUENDE EDT 100 ML;MUJER;163.605
JESUS DE POZO;HALLOWEEN KISS EDT 100 ML;MUJER;141.791
JESUS DE POZO;HALLOWEEN KISS SEXY EDT 100 ML;MUJER;141.791
JESUS DE POZO;HALLOWEEN FLEUR EDT 100 ML;MUJER;150.181
JESUS DE POZO;HALLOWEEN EDT 30 ML;MUJER;67.036
JESUS DE POZO;HALLOWEEN EDT 100 ML;MUJER;155.215
JESUS DE POZO;HALLOWEEN EDT 200 ML;MUJER;250.861
JESUS DE POZO;HALLOWEEN EDT 100 ML + BLUE DROP 30 ML ESTUCHE;MUJER;208.072
JESUS DE POZO;HALLOWEEN SHOT EDT 100 ML (NUEVO);MUJER;158.571
JESUS DE POZO;HALLOWEEN SHOT EDT 100 ML + 30 ML ESTUCHE;MUJER;208.072
JESUS DE POZO;HALLOWEEN BLUE DROP EDT 100 ML+HALLOWEEN 30 ML E;MUJER;208.072
JESUS DE POZO;AMBER EDT 100 ML;MUJER;113.265
JOAQUIN CORTEZ;YEKIPE PURA PASSION EDT 100 ML $$$;MUJER;49.501
JOVAN MUSK;JOVAN MUSK FOR WOMEN 96 ML;MUJER;35.238
JUSTIN BIEBER;GIRLFRIEND EDP 100 ML;MUJER;83.061
JUSTIN BIEBER;THE KEY EDP 50 ML;MUJER;66.281
JUSTIN BIEBER;THE KEY EDP 100 ML;MUJER;91.451
JUSTIN BIEBER;SOMEDAY EDP 100 ML;MUJER;83.061
KATY PERRY;KILLER QUEEN EDP 100 ML;MUJER;83.900
KATY PERRY;MEOW EDP 100 ML;MUJER;88.095
KATY PERRY;PURR EDP 100 ML;MUJER;88.095
KATY PERRY;MAD POTION EDP 100 ML (NUEVO);MUJER;113.265
KENZO;KENZO AMOUR EDP 100 ML;MUJER;309.591
KENZO;LEAU PAR KENZO FEMME EDT 100 ML;MUJER;222.335
KENZO;FLOWER EDP 100 ML;MUJER;326.371
KIM KARDASHIAN;KIM KARDASHIAN GOLD EDP 100 ML;MUJER;75.510
LA PRAIRIE;LIFE THREADS PLATINUM EDP 50 ML (SOLO EN SUC LA FORTUNA);MUJER;125.011
LA PRAIRIE;LIFE THREADS SILVER EDT 50 ML (SOLO EN SUC LA FORTUNA);MUJER;125.011
LA PRAIRIE;LIFE THREADS SAPPHIRE EDP 50 ML (SOLO EN SUC LA FORTUNA);MUJER;125.011
LA PRAIRIE;LIFE THREADS EMERELD EDP 50 ML (SOLO EN SUC LA FORTUNA);MUJER;125.011
LA PRAIRIE;LIFE THREADS RUBY SHEER EDT 50 ML (SOLO EN SUC LA FORTUN;MUJER;125.011
LACOSTE;TOUCH OF PINK EDT 90 ML;MUJER;225.691
LACOSTE;EAU DE LACOSTE EDP 90 ML;MUJER;239.115
LACOSTE;LACOSTE POUR FEMME EDP 90 ML;MUJER;287.777
LADY GAGA;FAME BLACK FLUID EDP 50 ML (SOLO EN  SUC FORTUNA);MUJER;66.281
LANCOME;LA VIE EST BELLE EDP 100 ML (LA VIDA ES BELLA);MUJER;469.001
LANCOME;MAGIE NOIRE EDT 75 ML;MUJER;317.981
LANCOME;MIRACLE EDP 100 ML;MUJER;401.881
LANCOME;TRESOR LEAU DE PARFUM EDP 100 ML;MUJER;448.865
LANCOME;POEME EDP 100 ML;MUJER;418.661
LANVIN;OXYGENE EDP 75 ML;MUJER;116.621
LANVIN;ECLAT D ARPEGE EDP 100 ML;MUJER;183.741
LOLITA LEMPICKA;LOLITA LEMPICKA EDT 80 ML;MUJER;130.045
LOLITA LEMPICKA;LOLITA LEMPICKA EDP 100 ML;MUJER;197.165
LOLITA LEMPICKA;LOLITA LEMPICKA SWEET EDP 80 ML NUEVO;MUJER;217.301
LOLITA LEMPICKA;LOLITA LEMPICKA EDP 5 ML MINIATURA;MUJER;29.365
LOLITA LEMPICKA;4 X 5 ML LOLITA LEMPICKA MINIATURA;MUJER;83.900
LOLITA LEMPICKA;LOLITA ELLE LAIME EDP 80 ML $$$$$;MUJER;163.605
LIZ CLAIBORNE;LIZ CLAIBORNE EDT 100  ML;MUJER;83.061
LIZ CLAIBORNE;CURVE EDT 100 ML;MUJER;117.460
LIZ CLAIBORNE;CURVE SOUL WOMEN EDT 100 ML;MUJER;83.061
MARINA DE BOURBON;PARADYSE LYS WOMEN 50 ML;MUJER;66.281
MARINA DE BOURBON;BLEU ROYAL EDP 100 ML;MUJER;108.231
MARINA DE BOURBON;REVERENCE WOMEN EDP 100 ML;MUJER;108.231
MICHEL GERMAIN;SEXUAL WOMEN EDP 75 ML $$;MUJER;57.891
MICHEL GERMAIN;SEXUAL FEMME EDP 75 ML $$;MUJER;57.891
MICHEL GERMAIN;SEXUAL FEMME EDP 125 ML $$;MUJER;83.061
MICHEAL KORS;VERY HOLLYWOOD EDP 100 ML;MUJER;264.285
MONTBLANC;LADY EMBLEM EDP 75 ML;MUJER;213.945
MONTBLANC;INDIVIDUELLE FEMME EDT 75 ML;MUJER;150.181
MONTBLANC;PRESENCE FEMME EDT 75 ML;MUJER;150.181
MOSCHINO;CHIC PETELS EDT 100 ML;MUJER;197.165
MOSCHINO;PINK BOUQUET EDT 100 ML;MUJER;197.165
MOSCHINO;HIPPY FIZZ EDT 100 ML;MUJER;197.165
MOSCHINO;I LOVE LOVE EDT 100 ML;MUJER;197.165
MOSCHINO;FUNNY EDT 100 ML;MUJER;197.165
NINE WEST;LOVE FURY EDP 100 ML $$$$;MUJER;74.671
NIKE;PINK PARADISE EDT 150 ML $$$;MUJER;41.111
NIKE;SENSUAL TOUCH EDT 150 ML $$$;MUJER;41.111
ONE DIRECTION;OUR MOMENT EDP 100 ML;MUJER;125.011
OSCAR DE LA RENTA;OSCAR DE LA RENTA WOMEN EDT 100 ML;MUJER;176.190
OSCAR DE LA RENTA;SO DE LA RENTA EDT 100 ML;MUJER;128.367
OSCAR DE LA RENTA;VOLUPTE EDT 100 ML;MUJER;133.401
OSCAR DE LA RENTA;INTRUSION EDP 100 ML;MUJER;125.011
PACO RABANNE;BLACK XS WOMEN EDT 80 ML;MUJER;306.235
PACO RABANNE;BLACK XS WOMEN EDT 80 ML ESTUCHE;MUJER;309.591
PACO RABANNE;BLACK XS LEXCES PERFUMED BODY SPRAY 250 ML;MUJER;74.671
PACO RABANNE;ULTRAVIOLET EDP 80 ML;MUJER;247.505
PALOMA PICASSO;PALOMA PACASSO EDP 100 ML;MUJER;323.015
PARIS HILTON;PARIS HILTON WITH LOVE EDP 100 ML;MUJER;133.401
PARIS HILTON;CAN CAN BURLESQUE EDP 100 ML;MUJER;138.435
PARIS HILTON;CAN CAN EDP 100 ML;MUJER;138.435
PARIS HILTON;CAN CAN BODY MIST 236 ML;MUJER;49.501
PARIS HILTON;HEIRESS EDP 100 ML;MUJER;133.401
PARIS HILTON;JUST ME EDP 100 ML;MUJER;116.621
PARIS HILTON;DAZZLE EDP 125 ML;MUJER;133.401
PARIS HILTON;PARIS HILTON WOMEN EDP 100 ML;MUJER;138.435
PARIS HILTON;PARIS HILTON BODY MIST 236 ML;MUJER;49.501
PARIS HILTON;FAIRY DUST EDP 100 ML;MUJER;49.501
PARIS HILTON;FAIRY DUST ROLL ON EDP 10 ML;MUJER;10.068
PARIS HILTON;PASSPORT IN ST MORITZ EDT 100 ML;MUJER;57.891
PARIS HILTON;PASSPORT IN SOUTH BEACH EDT 30 ML;MUJER;24.331
PARIS HILTON;PASSPORT IN SOUTH BEACH EDT 100 ML;MUJER;57.891
PARIS HILTON;PASSPORT IN TOKYO EDT 30 ML;MUJER;24.331
PARIS HILTON;SIREN 7.5 ML;MUJER;10.068
PARIS HILTON;TEASE 10 ML ROLL ON;MUJER;8.390
PERRY ELLIS;360 WOMEN EDT 50 ML (BLANCO);MUJER;66.281
PERRY ELLIS;PERRY ELLIS LOVE EDP 100 ML;MUJER;125.011
PIERRE CARDIN;VERITAGE POUR FEMME EDP 50 ML;MUJER;49.501
PIERRE CARDIN;PIERRE CARDIN POUR FEMME EDP 75 ML;MUJER;57.891
POLICE;POLICE TO BE QUEEN EDP 75 ML;MUJER;119.138
POLICE;2 X POLICE TO BE QUEEN EDP 75 ML;MUJER;167.800
RALPH LAUREN;RALPH EDT 100 ML (CELESTE);MUJER;306.235
RALPH LAUREN;ROMANCE EDP 100 ML;MUJER;410.271
RALPH LAUREN;POLO BIG PONY WOMEN N° 1 EDT 100 ML;MUJER;317.981
RALPH LAUREN;POLO BIG PONY WOMEN N °2 EDT 100 ML;MUJER;317.981
RALPH LAUREN;POLO BIG PONY WOMEN N°4 EDT 100 ML;MUJER;317.981
REVLON;CHARLIE BLUE EDT 100 ML;MUJER;25.170
REVLON;CHARLIE WHITE EDT 100 ML;MUJER;25.170
REVLON;CHARLIE GOLD EDT 100 ML;MUJER;25.170
REVLON;CHARLIE SILVER EDT 100 ML;MUJER;25.170
REVLON;CHARLIE RED EDT 100 ML;MUJER;25.170
SHAKIRA;WILD EXLIXIR EDT 50 ML;MUJER;57.891
SHAKIRA;2 X WILD EXLIXIR EDT 50 ML ;MUJER;107.392
SHAKIRA;WILD EXLIXIR EDT 80 ML;MUJER;74.671
SHAKIRA;2 X WILD EXLIXIR EDT 80 ML;MUJER;132.562
SHAKIRA;SHAKIRA ELIXIR PARADISE EDT 80 ML;MUJER;83.061
SHAKIRA;SHAKIRA LOVE ROCK EDT 80 ML;MUJER;83.061
SHAKIRA;SHAKIRA ROCK EDT 80 ML;MUJER;83.061
SHAKIRA;S BY SHAKIRA GLITTER EDT 80 ML CON BRILLO;MUJER;66.281
SHAKIRA;S BY SHAKIRA EDT 80 ML + NESSACER;MUJER;83.061
SHAKIRA;SHAKIRA EXLIXIR EDT 80 ML ESTUCHE;MUJER;83.061
SALVADOR DALI;EAU DE RUBYLIPS EDT 100 ML;MUJER;133.401
SALVADOR DALI;LAGUNA EDT 100 ML;MUJER;138.435
SALVADOR DALI;DALIFLOR EDT 100 ML;MUJER;88.095
SALVADOR DALI;DALIMIX BLACK EDT 100 ML;MUJER;88.095
SALVADOR DALI;DALIMIX GOLD EDT 100 ML;MUJER;88.095
SALVADOR DALI;DALIMIX ORIGINAL EDT 100 ML;MUJER;88.095
SWISS ARMY;MOUNTAIN WATER WOMEN EDT 100 ML;MUJER;146.825
SWISS ARMY;SWISS ARMY CLASSIC WOMEN EDT 100 ML;MUJER;146.825
SWISS GUARD;SWISS GUARD FOR WOMEN EDT 100 ML;MUJER;62.925
TED LAPIDUS;FANTASME EDT 100 ML;MUJER;99.841
TED LAPIDUS;CREATION EDP 100 ML;MUJER;91.451
TED LAPIDUS;LAPIDUS WOMEN DEO SPRAY 150 ML;MUJER;16.780
TED LAPIDUS;LAPIDUS WOMEN DEO SPRAY 6 X 150 ML;MUJER;90.612
TED LAPIDUS;LAPIDUS WOMEN DEO SPRAY 24 X 150 ML;MUJER;322.176
TED LAPIDUS;LAPIDUS WOMEN DEO SPRAY 48 X 150 ML;MUJER;604.080
TED LAPIDUS;WHITE SOUL EDT 100 ML;MUJER;119.138
THIERRY MUGLER;ANGEL EDP 25 ML;MUJER;208.911
THIERRY MUGLER;ANGEL EDP 50 ML;MUJER;292.811
THIERRY MUGLER;ANGEL EDP 50 ML;MUJER;292.811
TOMMY HILFIGER;TOMMY GIRL 50 ML;MUJER;88.095
TOMMY HILFIGER;TOMMY GIRL 100 ML;MUJER;138.435
TOMMY HILFIGER;TOMMY GIRL EAU PREP EDT 50 ML;MUJER;66.281
TOMMY HILFIGER;TOMMY GIRL EAU PREP 100 ML;MUJER;116.621
TOUS;TOUS SILVER EDT 90 ML;MUJER;205.555
TOUS;TOUS GOLD EDP 90 ML;MUJER;200.521
TOUS;TOUS TOUCH EDT 100 ML;MUJER;217.301
VAN CLEEF;FEERIE EDP 100 ML;MUJER;225.691
VERSACE;RED JEANS EDT 75 ML;MUJER;113.265
VERSACE;BRIGHT CRYSTAL EDT 90 ML;MUJER;267.641
VICTORIAS SECRET;MIDNIGHT MIMOSA BODY MIST 250 ML;MUJER;46.145
VICTORIAS SECRET;SECRET CHARM BODY MIST 250 ML;MUJER;46.145
VICTORIAS SECRET;AMBER ROMANCE BODY MUST 250 ML;MUJER;46.145
VICTORIAS SECRET;PASSION STRUCK BODY MIST 250 ML;MUJER;46.145
VICTORIAS SECRET;ENDLESS LOVE BODY MIST 250 ML;MUJER;46.145
VICTORIAS SECRET;STRAWBERRY & CHAMPAGNE BODY MIST 250 ML;MUJER;46.145
VICTORIAS SECRET;SECRET ESCAPE BODY MIST 250 ML;MUJER;46.145
AGATHA RUIZ DE LA PRADA;GOTAS DE COLOR EDT 100 MLTESTER SIN CAJA Y SIN TAPA;MUJER;66.281
ANTONIO BANDERAS;BLUE SEDUCTION WOMEN EDT 100 ML TESTER;MUJER;66.281
ANTONIO BANDERAS;BLUE SEDUCTION ELECTRIC W EDT 100 ML TESTER;MUJER;49.501
BANANA REPUBLIC;WILD BLOOM ROUGE EDP 100 ML TESTER $$$$$;MUJER;100.680
BEBE;BEBE NOUVEAU EDP 100 ML TESTER $$$$$;MUJER;74.671
BENETTON;STAY EDT 50 ML TESTER SIN CAJA;MUJER;33.560
BENETTON;COLD SILVER EDT 100 ML TESTER;MUJER;50.340
BENETTON;HOT GOLD EDT 100 ML TESTER;MUJER;50.340
BEYONCE;HEAT EDP 100 ML TESTER;MUJER;57.891
BEYONCE;HEAT RUSH EDP 100 ML TESTER;MUJER;57.891
BEYONCE;MIDNIGHT HEAT EDP 100 ML TESTER;MUJER;57.891
BRITNEY SPEARS;CURIOUS EDP 100 ML TESTER;MUJER;62.925
BRITNEY SPEARS;FANTASY EDP 100 ML TESTER;MUJER;125.011
BURBERRY;WEEKEND EDP 100 ML TESTER;MUJER;141.791
BURBERRY;BRIT WOMEN EDT 100 ML TESTER;MUJER;116.621
BURBERRY;BRIT RHYTHM  EDT 90 ML TESTER;MUJER;116.621
BURBERRY;TOUCH EDP 100 ML TESTER;MUJER;141.791
BURBERRY;BURBERRY EDP 100 ML TESTER;MUJER;141.791
CACHAREL;AMOR AMOR EDT 100 ML TESTER;MUJER;183.741
CACHAREL;ANAIS ANAIS EDT 100 ML TESTER;MUJER;180.385
CALVIN KLEIN;EUPHORIA EDP 100 ML TESTER;MUJER;205.555
CALVIN KLEIN;ETERNITY AQUA EDP 100 ML TESTER;MUJER;125.011
CALVIN KLEIN;OBSESSION EDP 100 ML TESTER;MUJER;134.240
CALVIN KLEIN;CK ONE EDT 200 ML TESTER;MUJER;125.011
CALVIN KLEIN;CK BE EDT 200 ML TESTER;MUJER;116.621
CAROLINA HERRERA;212 SEXY WOMEN EDP 100 ML TESTER;MUJER;301.201
CARTIER;EAU DE CARTIER EDT 100 ML TESTER;UNISEX;155.215
CARTIER;EAU DE CARTIER CONCENTRE EDT 100 ML TESTER;UNISEX;155.215
CELINE DION;CELINE DION SIGNATURE EDT 50 ML TESTER;MUJER;24.331
DAVIDOFF;COOLWATER WOMEN EDT 100 ML TESTER;MUJER;104.875
DESIGUAL;DESIGUAL FRESH EDT 100 ML TESTER (NUEVO);MUJER;125.011
DESIGUAL;DESIGUAL YOU EDT 100 ML TESTER (NUEVO);MUJER;125.011
DISNEY PITUFO;SMORFETTE 50 ML TESTER;MUJER;8.390
DISNEY;BLANCA NIEVE EDT 100 ML TESTER SIN CAJA;MUJER;16.780
DISNEY;PRINCESA SOFIA EDT 100 ML TESTER SIN CAJA;MUJER;16.780
DISNEY;FROZEN EDT 100 ML TESTER TESTER SIN CAJA;MUJER;16.780
DISNEY;CENISIENTA EDT 100 ML TESTER SIN CAJA;MUJER;16.780
DISNEY;BELLA DORMIENTE EDT 100 ML TESTER SIN CAJA;MUJER;16.780
DISNEY;BARBIE FABULOUS EDT 100 ML TESTER SIN CAJA;MUJER;16.780
DISNEY;HELLO KITTY  EDT 100 ML TESTER SIN CAJA;MUJER;16.780
DISNEY BLANCA NIEVE;SNOW WHITE EDT 100 ML TESTER SIN CAJA;MUJER;16.780
DOLCE & GABANNA;LIGHT BLUE WOMEN EDT 100 ML TESTER;MUJER;230.725
DONNA KARAN;BE DELICIOUS EDP 100 ML TESTER;MUJER;197.165
EMANUEL UNGARO;UNGARO PARTY EDP 90 ML TESTER;MUJER;57.891
ELIZABETH ARDEN;5TH AVENUE EDP 125 ML TESTER;MUJER;113.265
ELIZABETH ARDEN;GREEN TEA EDP 100 ML TESTER;MUJER;57.891
ELIZABETH ARDEN;ARDEN BEAUTY EDP 100 ML TESTER;MUJER;66.281
ESTEE LAUDER;BEAUTIFUL EDP 75 ML TESTER;MUJER;281.065
ESTEE LAUDER;PLEASURE INTENSE EDP 100 ML TESTER;MUJER;281.065
GAP;1969 WOMEN EDT 50 ML TESTER;MUJER;49.501
GAP;1969 BRIGHT WOMEN EDT 100 ML TESTER;MUJER;71.315
GAP;1969 IMAGINE WOMEN EDT 100 ML TESTER;MUJER;71.315
GAP;NEAR EDT 100 ML TESTER;MUJER;71.315
GRES;CABOTINE EDT 100 ML TESTER;MUJER;54.535
GRES;CABOTINE EDP 100 ML TESTER;MUJER;75.510
HUGO BOSS;HUGO WOMEN EDT 75 ML TESTER (CANTIMPLORA);MUJER;158.571
HUGO BOSS;BOSS WOMEN EDP 50 ML (MEDIA LUNA) TESTER;MUJER;117.460
ISSEY MIYAKE;LEAU DE ISSEY FEMME EDT 100 ML TESTER;MUJER;192.970
JEAN PAUL GAULTIER;CLASSIQUE EDP 100 ML TESTER;MUJER;225.691
JEAN PAUL GAULTIER;CLASSIQUE EDT 100 ML TESTER;MUJER;192.970
JESUS DE POZO;AMBER EDT 100 ML TESTER;MUJER;108.231
JESUS DE POZO;HALLOWEEN TATTOO EDT 100  ML TESTER;MUJER;125.011
JESUS DE POZO;HALLOWEEN FLEUR EDT 100 ML TESTER;MUJER;125.011
JESUS DE POZO;HALLOWEEN KISS EDT 100 ML TESTER;MUJER;108.231
JESUS DE POZO;HALLOWEEN KISS SEXY EDT 100 ML TESTER;MUJER;108.231
JESUS DE POZO;HALLOWEEN SHOT EDT 100 ML TESTER (NUEVO);MUJER;125.011
KENZO;KENZO FLOWER EDP 50 ML TESTER;MUJER;138.435
LANCOME;TRESOR EDP 100 ML TESTER;MUJER;314.625
LOLITA LEMPICKA;LOLITA LEMPICKA EDP 100 ML TESTER;MUJER;158.571
MOSCHINO;PINK BOUQUET EDT 100 ML TESTER;MUJER;141.791
MOSCHINO;CHIC PETAL EDT 100 ML TESTER;MUJER;141.791
ONE DIRECCION;OUR MOMENT EDP 100 ML TESTER;MUJER;66.281
NIKE;PINK PARADISE 150 ML TESTER SIN CAJA $$;MUJER;25.170
NIKE;FISSION WOMEN 100 ML TESTER SIN CAJA $$;MUJER;25.170
NIKE;NIKE UP AND DOWN 75 ML TESTER SIN CAJA $$;MUJER;20.975
PACO RABANNE;BLACK XS WOMEN EDT 80 ML TESTER;MUJER;217.301
PACO RABANNE;LADY MILLION EDP 80 ML TESTER;MUJER;317.981
PACO RABANNE;ULTRAVIOLET EDP 80 ML TESTER;MUJER;200.521
PARIS HILTON;CAN CAN BURLESQUE EDP 100 ML TESTER;MUJER;116.621
PARIS HILTON;PARIS HILTON WOMEN EDP 100 ML TESTER;MUJER;116.621
PARIS HILTON;PASSPORT IN TOKYO EDT 100 ML TESTER;MUJER;41.111
PARIS HILTON;PASSPORT ST MORITZ EDT 100 ML TESTER;MUJER;41.111
PERRY ELLIS;360 WOMEN 100 ML TESTER SIN CAJA;MUJER;83.061
PERRY ELLIS;360 PURE WOMEN 50 ML TESTER SIN CAJA;MUJER;41.111
PERRY ELLIS;PORTFOLIO GREEN WOMEN 100 ML TESTER;MUJER;41.111
PIERRE CARDIN;PIERRE CARDIN POUR FEMME EDP 50 ML TEST S/CAJ;MUJER;32.721
PIERRE CARDIN;VERITAGE WOMEN EDT 50 ML TESTER S/CAJA;MUJER;32.721
SALVADOR DALI;EAU DE RUBYLIPS EDT 100 ML TESTER;MUJER;108.231
SHAKIRA;SHAKIRA ELIXIR EDT 80 ML TESTER;MUJER;66.281
SHAKIRA;EAU FLORALE EDT 80 ML TESTER;MUJER;66.281
SHAKIRA;2 X SHAKIRA EDT 80 ML TESTER A ELECCION;MUJER;100.680
SWISS ARMY;MOUNTAIN WATER WOMEN EDT 100 ML TESTER;MUJER;96.485
TED LAPIDUS;WHITE SOUL EDT 100 ML TESTER;MUJER;91.451
TOMMY HILFIGER;TOMMY GIRL EDT 100 ML TESTER;MUJER;116.621
TOMMY HILFIGER;TOMMY GIRL EAU PREP 100 ML TESTER;MUJER;91.451
TOMMY HILFIGER;TOMMY PEAR BLOSSOM EDP 50 ML TESTER;MUJER;66.281
VERSACE;RED JEANS EDT 75 ML TESTER;MUJER;83.061
DIE HARD;DIE HARD LOVE EDP 100 ML;MUJER;20.975
DIE HARD;DIE HARD MEN EDT 100 ML;HOMBRE;20.975
SEX IN THE CITY;SEX IN THE CITY POUR HOMME EDT 100 ML;HOMBRE;12.585
JUST PARIS;JUST PARIS EDP 100 ML $$$;MUJER;41.111
ELIZABETH ARDEN;CERAMIDE GENTLE LINE SMOOTHING EXFOLIATOR 100 ML;MUJER;50.340
ELIZABETH ARDEN;CERAMIDE PP LIP MOSITUE SPF 30 14.55 GRS;MUJER;50.340
ELIZABETH ARDEN;CERAMIDE ULTRA LIFE  WARM BROZE 14 32 GMS;MUJER;50.340
CATALOGO;CATALOGO DE PERFUMES CON FOTOS (USA);H/M;16.780
